iter,official_loss,ours_loss,loss_rel_err_pct,official_gn,ours_gn,gn_rel_err_pct,official_ms,ours_ms
1,1.924621,1.924621,0.0,134.266,134.26,0.0044687411556166325,119405.2,6699.4
2,1.791238,1.791238,0.0,112.753,112.702,0.04523161246264129,2503.1,756.9
3,1.784901,1.783869,0.05781833278149005,88.392,88.697,0.34505385102725,9483.1,446.4
4,1.506463,1.506153,0.020578002911457664,58.012,57.649,0.6257326070468171,9801.8,494.2
5,1.408003,1.407153,0.06036918955426909,23.029,23.014,0.0651352642320577,2032.8,495.0
6,1.499018,1.499328,0.020680205307743633,15.763,15.79,0.17128719152445124,9350.9,436.8
7,1.395148,1.394278,0.062358975535222676,15.688,15.666,0.14023457419683988,2026.6,499.6
8,1.465237,1.464712,0.03583038102367649,12.628,12.647,0.15045929680076123,9368.2,415.3
9,1.268659,1.267649,0.07961162140496031,12.821,12.815,0.0467982216675784,2077.3,521.2
10,1.405683,1.406928,0.08856904437201991,10.895,10.876,0.17439192290041422,9492.5,540.4
11,1.432606,1.434886,0.15915052708142083,12.031,12.104,0.606765854874895,2012.7,427.1
12,1.401814,1.40238,0.04037625533773143,11.461,11.462,0.008725242125464147,9567.7,534.5
13,1.465265,1.466555,0.08803868242263435,10.048,10.055,0.06966560509553814,439.1,425.2
14,1.471768,1.472093,0.022082284707924806,11.265,11.245,0.17754105636929737,451.7,441.2
15,1.418221,1.419261,0.07333130732094306,9.823,9.822,0.010180189351534379,9504.5,512.2
16,1.432037,1.430511,0.10656149247539808,11.301,11.282,0.16812671445004979,409.9,403.6
17,1.411621,1.41081,0.057451681435747776,10.323,10.318,0.048435532306507614,419.4,422.4
18,1.380019,1.380086,0.004855005619474602,11.871,11.885,0.11793446213460826,426.8,418.3
19,1.462066,1.460446,0.1108021115325968,10.028,10.004,0.2393298763462396,423.2,417.2
20,1.350745,1.349175,0.11623215336722115,10.383,10.365,0.173360300491177,427.5,421.6
21,1.255295,1.255066,0.018242723821893236,10.741,10.719,0.2048226422120868,398.9,398.6
22,1.431265,1.43106,0.014322993994823511,9.815,9.802,0.13245033112582683,428.9,429.0
23,1.479332,1.479235,0.006557013570991078,11.547,11.543,0.03464103230277419,399.5,402.0
24,1.48191,1.482061,0.01018955267189048,9.78,9.78,0.0,425.2,417.0
25,1.42166,1.42032,0.09425601057917483,11.045,11.049,0.03621548211860171,414.9,407.7
26,1.313326,1.312449,0.06677702261281789,11.947,11.926,0.1757763455260653,388.9,379.8
27,1.478197,1.476195,0.13543526336476527,10.455,10.415,0.3825920612147386,489.2,426.9
28,1.352563,1.352151,0.030460688337612146,10.383,10.36,0.2215159395165144,425.7,423.8
29,1.452959,1.451956,0.06903154183978111,10.197,10.195,0.019613611846610687,440.4,432.4
30,1.28591,1.285332,0.04494871336253621,9.376,9.372,0.04266211604095094,413.4,408.3
31,1.320338,1.320294,0.0033324800164755528,9.492,9.492,0.0,2057.2,482.0
32,1.436788,1.437102,0.02185430279207145,9.369,9.379,0.10673497705197767,429.3,417.5
33,1.277287,1.276882,0.03170783073811827,9.742,9.736,0.06158899609936591,436.9,435.2
34,1.293409,1.292732,0.05234229853047556,10.337,10.341,0.03869594659958943,428.1,420.3
35,1.410657,1.410749,0.006521783821296105,9.264,9.229,0.37780656303972526,2056.4,498.7
36,1.40704,1.407417,0.02679383670683489,9.936,9.931,0.05032206119163428,699.3,429.6
37,1.293624,1.294433,0.06253749157404606,11.824,11.828,0.03382949932340629,434.7,427.4
38,1.471243,1.470158,0.07374716481233913,10.32,10.302,0.1744186046511694,435.3,431.1
39,1.354094,1.354276,0.013440721249789638,9.545,9.555,0.1047668936616007,434.3,434.8
40,1.515606,1.514748,0.05661101895875481,8.956,8.95,0.06699419383653671,433.1,426.7
41,1.403632,1.401769,0.13272709656091825,10.493,10.474,0.1810730963499488,435.3,427.5
42,1.288146,1.28861,0.03602076162174318,9.205,9.2,0.05431830526888411,432.8,425.5
43,1.322229,1.322055,0.01315959640880048,10.296,10.31,0.13597513597514688,399.9,687.5
44,1.35756,1.358778,0.08971979139043144,11.093,11.078,0.13522040926711051,439.2,434.8
45,1.290732,1.289471,0.09769650090026098,9.466,9.466,0.0,422.4,411.2
46,1.331221,1.330112,0.08330697908161204,10.476,10.449,0.25773195876289634,403.1,394.1
47,1.39171,1.389744,0.14126506240523617,10.833,10.828,0.04615526631589386,2011.8,418.0
48,1.47092,1.470739,0.0123052239414779,9.603,9.599,0.041653649901068,424.0,417.1
49,1.273075,1.272147,0.07289436993107554,10.072,10.066,0.059571088165195116,425.8,413.2
50,1.285009,1.286628,0.12599133546924862,9.127,9.138,0.12052152952776632,9539.1,643.0
51,1.361099,1.360852,0.018147100247675463,9.245,9.252,0.07571660356951271,429.0,418.2
52,1.557325,1.557105,0.014126787921603325,9.374,9.377,0.03200341369746228,437.5,431.3
53,1.3041,1.303965,0.010351966873705716,10.079,10.076,0.029764857624765488,421.9,413.2
54,1.27886,1.278784,0.005942792799851979,9.576,9.573,0.0313283208020062,431.3,419.3
55,1.300684,1.30099,0.023526083199312018,10.596,10.604,0.07550018875046356,411.7,411.9
56,1.402378,1.402128,0.01782686265756176,9.496,9.481,0.15796124684078103,443.5,433.1
57,1.392132,1.393018,0.06364339013830331,9.649,9.644,0.051818841330697536,454.2,437.7
58,1.377736,1.377542,0.014081072135737723,8.852,8.861,0.10167193854496544,426.6,416.9
59,1.213646,1.211915,0.14262808100549312,10.248,10.237,0.10733801717407526,400.2,395.5
60,1.269621,1.269879,0.02032102493577764,10.533,10.532,0.009493971328201328,390.9,392.6
61,1.300824,1.301453,0.04835396640898312,9.549,9.548,0.010472300764472153,409.1,394.9
62,1.175227,1.175144,0.0070624653790336035,11.454,11.458,0.034922297887197126,432.1,416.9
63,1.406934,1.407577,0.04570221488713552,9.713,9.719,0.06177288170493388,413.4,410.7
64,1.334252,1.333787,0.034850987669491046,10.411,10.392,0.18249927960810805,432.4,418.5
65,1.297628,1.297108,0.040073118027668636,10.46,10.47,0.09560229445506488,404.2,392.3
66,1.415693,1.416344,0.04598454608449411,9.58,9.587,0.0730688935281803,436.4,424.3
67,1.293933,1.294969,0.08006596941263859,9.831,9.848,0.17292238836335302,432.7,427.4
68,1.50967,1.509635,0.0023183874621610845,10.334,10.319,0.14515192568220237,433.5,425.1
69,1.426578,1.424917,0.11643246986844831,9.381,9.366,0.15989766549408985,445.0,443.3
70,1.334287,1.333512,0.05808345580823092,10.359,10.356,0.028960324355633883,409.8,401.3
71,1.276605,1.277492,0.06948116292824187,10.749,10.732,0.1581542469067005,691.2,434.3
72,1.401531,1.400283,0.08904547955058702,9.748,9.731,0.1743947476405361,677.4,423.7
73,1.38045,1.378706,0.12633561519794037,9.611,9.602,0.09364270107169223,440.9,415.9
74,1.328064,1.327326,0.05556961110307226,10.235,10.257,0.21494870542257197,441.2,428.0
75,1.367047,1.365415,0.11938141117312395,9.576,9.564,0.1253132832080248,388.3,392.8
76,1.337646,1.337496,0.01121372919291595,9.834,9.749,0.864348179784412,427.8,427.7
77,1.401107,1.400981,0.008992889194049456,9.559,9.563,0.04184538131605122,422.0,409.2
78,1.418421,1.417662,0.05351020606716583,9.876,9.865,0.11138112596192015,410.3,399.2
79,1.449646,1.448659,0.06808558779178304,9.676,9.673,0.031004547333610105,439.2,434.1
80,1.276647,1.275453,0.09352624492127733,8.813,8.807,0.06808124361738599,437.9,421.1
81,1.295212,1.296216,0.07751626760715659,10.193,10.195,0.019621308741299595,404.0,391.3
82,1.275704,1.274168,0.12040410628170657,9.978,9.961,0.17037482461414571,446.2,431.3
83,1.263605,1.264691,0.08594457919998102,9.442,9.447,0.052954882440150446,411.0,407.2
84,1.234609,1.233577,0.08358921731496724,9.194,9.187,0.0761366108331678,428.7,425.7
85,1.318295,1.31939,0.08306183365635675,11.694,11.679,0.1282709081580346,523.7,425.1
86,1.360037,1.360353,0.023234661998164974,10.681,10.701,0.1872483849826922,409.5,395.5
87,1.367115,1.367474,0.02625967822750816,8.786,8.787,0.011381743683146166,429.7,729.6
88,1.280388,1.280551,0.01273051606231183,10.103,10.096,0.06928635058893075,438.7,427.5
89,1.11099,1.111414,0.03816415989342658,9.705,9.697,0.08243173621845332,430.1,412.6
90,1.300898,1.302263,0.10492751929819544,9.587,9.603,0.1668926671534371,434.7,420.0
91,1.352559,1.352852,0.021662640964266747,8.153,8.144,0.11038881393352556,465.4,455.2
92,1.290553,1.28915,0.10871308656057077,10.371,10.371,0.0,388.9,385.1
93,1.200977,1.200442,0.04454706459823562,10.067,10.067,0.0,426.1,414.8
94,1.441367,1.441499,0.009157972952067099,9.688,9.69,0.02064409578859302,446.7,441.7
95,1.313985,1.313565,0.031963835203587934,9.777,9.769,0.08182469060037967,428.3,418.2
96,1.322307,1.322018,0.021855741518420742,8.616,8.598,0.20891364902505694,2103.7,565.8
97,1.329676,1.330229,0.04158907884326901,9.99,9.995,0.050050050050040096,431.3,414.3
98,1.30733,1.306947,0.029296352106967804,11.279,11.287,0.07092827378314474,384.7,373.3
99,1.365586,1.364842,0.05448210511823173,10.154,10.147,0.06893834941894497,437.0,430.4
100,1.448866,1.447562,0.09000142180160015,10.077,10.073,0.03969435347821335,434.8,419.0
