iter,official_loss,ours_loss,loss_rel_err_pct,official_gn,ours_gn,gn_rel_err_pct
1,1.924621,1.92462,5.2e-05,134.266,134.288,0.016385
2,1.791238,1.791238,0.0,112.753,112.708,0.03991
3,1.784901,1.784354,0.030646,88.392,88.617,0.254548
4,1.506463,1.50611,0.023432,58.012,57.995,0.029304
5,1.408003,1.407789,0.015199,23.029,23.059,0.130271
6,1.499018,1.500752,0.115676,15.763,15.819,0.355262
7,1.395148,1.394141,0.072179,15.688,15.725,0.235849
8,1.465237,1.464287,0.064836,12.628,12.62,0.063351
9,1.268659,1.268793,0.010562,12.821,12.86,0.304188
10,1.405683,1.405422,0.018567,10.895,10.899,0.036714
11,1.432606,1.433757,0.080343,12.031,12.085,0.44884
12,1.401814,1.401319,0.035311,11.461,11.484,0.200681
13,1.465265,1.465515,0.017062,10.048,10.033,0.149283
14,1.471768,1.470738,0.069984,11.265,11.256,0.079893
15,1.418221,1.418751,0.037371,9.823,9.805,0.183243
16,1.432037,1.431275,0.053211,11.301,11.295,0.053093
17,1.411621,1.410522,0.077854,10.323,10.324,0.009687
18,1.380019,1.37973,0.020942,11.871,11.888,0.143206
19,1.462066,1.461255,0.055469,10.028,10.017,0.109693
20,1.350745,1.349293,0.107496,10.383,10.367,0.154098
21,1.255295,1.254847,0.035689,10.741,10.734,0.065171
22,1.431265,1.432415,0.080349,9.815,9.803,0.122262
23,1.479332,1.478741,0.03995,11.547,11.541,0.051962
24,1.48191,1.482752,0.056819,9.78,9.785,0.051125
25,1.42166,1.419754,0.134069,11.045,11.041,0.036215
26,1.313326,1.31303,0.022538,11.947,11.96,0.108814
27,1.478197,1.476972,0.082871,10.455,10.435,0.191296
28,1.352563,1.354079,0.112084,10.383,10.374,0.08668
29,1.452959,1.451259,0.117003,10.197,10.184,0.127488
30,1.28591,1.285793,0.009099,9.376,9.371,0.053328
31,1.320338,1.319375,0.072936,9.492,9.481,0.115887
32,1.436788,1.436263,0.03654,9.369,9.372,0.03202
33,1.277287,1.277405,0.009238,9.742,9.76,0.184767
34,1.293409,1.294297,0.068656,10.337,10.331,0.058044
35,1.410657,1.41071,0.003757,9.264,9.265,0.010794
36,1.40704,1.407892,0.060553,9.936,9.943,0.070451
37,1.293624,1.294048,0.032776,11.824,11.842,0.152233
38,1.471243,1.470044,0.081496,10.32,10.298,0.213178
39,1.354094,1.354222,0.009453,9.545,9.552,0.073337
40,1.515606,1.515355,0.016561,8.956,8.954,0.022331
41,1.403632,1.402619,0.07217,10.493,10.482,0.104832
42,1.288146,1.287923,0.017312,9.205,9.202,0.032591
43,1.322229,1.32177,0.034714,10.296,10.301,0.048563
44,1.35756,1.35868,0.082501,11.093,11.09,0.027044
45,1.290732,1.289521,0.093823,9.466,9.467,0.010564
46,1.331221,1.3292,0.151816,10.476,10.432,0.420008
47,1.39171,1.389765,0.139756,10.833,10.824,0.083079
48,1.47092,1.471378,0.031137,9.603,9.606,0.03124
49,1.273075,1.271587,0.116882,10.072,10.076,0.039714
50,1.285009,1.285653,0.050116,9.127,9.129,0.021913
51,1.361099,1.359976,0.082507,9.245,9.235,0.108167
52,1.557325,1.557175,0.009632,9.374,9.369,0.053339
53,1.3041,1.303348,0.057664,10.079,10.08,0.009922
54,1.27886,1.278881,0.001642,9.576,9.577,0.010443
55,1.300684,1.300277,0.031291,10.596,10.589,0.066063
56,1.402378,1.403718,0.095552,9.496,9.488,0.084246
57,1.392132,1.392651,0.037281,9.649,9.651,0.020728
58,1.377736,1.378473,0.053494,8.852,8.863,0.124266
59,1.213646,1.213711,0.005356,10.248,10.242,0.058548
60,1.269621,1.271227,0.126494,10.533,10.534,0.009494
61,1.300824,1.299801,0.078642,9.549,9.545,0.041889
62,1.175227,1.176123,0.076241,11.454,11.477,0.200803
63,1.406934,1.407441,0.036036,9.713,9.715,0.020591
64,1.334252,1.333554,0.052314,10.411,10.398,0.124868
65,1.297628,1.29721,0.032213,10.46,10.47,0.095602
66,1.415693,1.415726,0.002331,9.58,9.585,0.052192
67,1.293933,1.294004,0.005487,9.831,9.838,0.071203
68,1.50967,1.50933,0.022521,10.334,10.337,0.02903
69,1.426578,1.425874,0.049349,9.381,9.372,0.095939
70,1.334287,1.334198,0.00667,10.359,10.347,0.115841
71,1.276605,1.276662,0.004465,10.749,10.739,0.093032
72,1.401531,1.401385,0.010417,9.748,9.736,0.123102
73,1.38045,1.377775,0.193777,9.611,9.609,0.020809
74,1.328064,1.326593,0.110763,10.235,10.216,0.185638
75,1.367047,1.364909,0.156396,9.576,9.568,0.083542
76,1.337646,1.337795,0.011139,9.834,9.907,0.742323
77,1.401107,1.402051,0.067375,9.559,9.567,0.083691
78,1.418421,1.418017,0.028482,9.876,9.881,0.050628
79,1.449646,1.448644,0.06912,9.676,9.673,0.031005
80,1.276647,1.275541,0.086633,8.813,8.812,0.011347
81,1.295212,1.296315,0.08516,10.193,10.18,0.127539
82,1.275704,1.275635,0.005409,9.978,9.969,0.090198
83,1.263605,1.264501,0.070908,9.442,9.437,0.052955
84,1.234609,1.233363,0.100923,9.194,9.206,0.13052
85,1.318295,1.319544,0.094744,11.694,11.692,0.017103
86,1.360037,1.360636,0.044043,10.681,10.696,0.140436
87,1.367115,1.367604,0.035769,8.786,8.783,0.034145
88,1.280388,1.280469,0.006326,10.103,10.094,0.089082
89,1.11099,1.111103,0.010171,9.705,9.702,0.030912
90,1.300898,1.301722,0.063341,9.587,9.597,0.104308
91,1.352559,1.352782,0.016487,8.153,8.142,0.13492
92,1.290553,1.288634,0.148696,10.371,10.374,0.028927
93,1.200977,1.200328,0.054039,10.067,10.08,0.129135
94,1.441367,1.441842,0.032955,9.688,9.701,0.134187
95,1.313985,1.313728,0.019559,9.777,9.779,0.020456
96,1.322307,1.322304,0.000227,8.616,8.604,0.139276
97,1.329676,1.327634,0.153571,9.99,9.991,0.01001
98,1.30733,1.306256,0.082152,11.279,11.283,0.035464
99,1.365586,1.364315,0.093074,10.154,10.171,0.167422
100,1.448866,1.44819,0.046657,10.077,10.078,0.009924
