iter,total,ms,loss,grad_norm
1,100,7137.9,1.92462,134.3
2,100,1076.9,1.791238,112.728
3,100,3986.6,1.783001,88.329
4,100,3982.4,1.506209,57.94
5,100,853.9,1.408226,23.004
6,100,3964.5,1.500744,15.745
7,100,879.0,1.394093,15.653
8,100,872.9,1.464779,12.633
9,100,4006.4,1.267754,12.879
10,100,964.6,1.406144,10.874
11,100,924.6,1.43374,12.049
12,100,4069.1,1.4008,11.539
13,100,938.3,1.465628,10.027
14,100,990.6,1.471891,11.25
15,100,1037.5,1.418208,9.817
16,100,856.3,1.42912,11.295
17,100,908.5,1.410784,10.319
18,100,914.5,1.380062,11.885
19,100,909.2,1.461893,10.023
20,100,937.1,1.349294,10.369
21,100,844.8,1.254895,10.723
22,100,964.6,1.430612,9.812
23,100,860.3,1.480865,11.543
24,100,918.2,1.483303,9.789
25,100,873.4,1.420097,11.031
26,100,795.8,1.314428,11.939
27,100,942.9,1.476972,10.427
28,100,931.6,1.353512,10.375
29,100,966.5,1.451988,10.199
30,100,915.6,1.285378,9.378
31,100,4114.0,1.319979,9.483
32,100,951.9,1.437022,9.378
33,100,969.0,1.277334,9.748
34,100,926.1,1.292709,10.336
35,100,4133.9,1.411193,9.257
36,100,972.1,1.407585,9.932
37,100,964.1,1.293599,11.825
38,100,969.0,1.470477,10.303
39,100,971.6,1.352906,9.552
40,100,965.1,1.514793,8.961
41,100,937.2,1.403346,10.474
42,100,959.9,1.288539,9.203
43,100,829.2,1.322653,10.304
44,100,968.2,1.358307,11.105
45,100,901.3,1.28945,9.469
46,100,841.7,1.329481,10.444
47,100,945.9,1.390449,10.841
48,100,926.2,1.471303,9.601
49,100,912.3,1.270922,10.054
50,100,4190.4,1.285209,9.136
51,100,954.6,1.360762,9.249
52,100,980.3,1.556867,9.368
53,100,919.5,1.3029,10.083
54,100,941.6,1.280208,9.585
55,100,918.3,1.301188,10.581
56,100,991.1,1.401814,9.487
57,100,992.3,1.392581,9.634
58,100,920.1,1.378433,8.864
59,100,859.4,1.21314,10.246
60,100,852.5,1.270038,10.552
61,100,874.2,1.300028,9.548
62,100,939.5,1.174021,11.431
63,100,913.1,1.406428,9.722
64,100,944.1,1.333585,10.395
65,100,860.3,1.296352,10.481
66,100,943.3,1.4146,9.585
67,100,969.0,1.293404,9.839
68,100,967.2,1.510411,10.334
69,100,1003.4,1.425168,9.366
70,100,859.0,1.334398,10.362
71,100,965.3,1.277156,10.716
72,100,911.0,1.40048,9.727
73,100,939.4,1.37802,9.6
74,100,973.4,1.326803,10.25
75,100,856.9,1.365506,9.568
76,100,959.5,1.337039,9.751
77,100,917.0,1.401634,9.565
78,100,872.2,1.419718,9.872
79,100,989.3,1.448888,9.667
80,100,941.6,1.276548,8.812
81,100,859.0,1.294884,10.185
82,100,985.5,1.275009,9.977
83,100,905.7,1.264926,9.436
84,100,962.3,1.234015,9.203
85,100,967.8,1.319848,11.691
86,100,866.2,1.360921,10.705
87,100,970.4,1.367284,8.778
88,100,968.1,1.280566,10.103
89,100,924.4,1.110397,9.699
90,100,938.3,1.301829,9.601
91,100,1059.2,1.352841,8.15
92,100,805.0,1.289735,10.369
93,100,924.9,1.199744,10.058
94,100,999.2,1.440503,9.689
95,100,909.5,1.313358,9.774
96,100,3531.0,1.322712,8.616
97,100,944.3,1.328783,10.004
98,100,784.5,1.307632,11.291
99,100,972.5,1.364254,10.161
100,100,934.4,1.447652,10.075
